{"host":"","protocol":"http","port_map":"89","cpu_shares":10,"restart":"unless-stopped","label":"Snapdrop","position":false,"index":"","icon":"https://play-lh.googleusercontent.com/3MaqM8DPTPa3bahBJRplO2fJGAH3536eSkziF-_tbOBbc399OYMoCycbI9dXBGxig-s","network_model":"bridge","image":"lscr.io/linuxserver/snapdrop:latest","description":"","origin":"custom","ports":[{"container":"443","host":"444","protocol":"tcp","desc":"","type":0},{"container":"80","host":"89","protocol":"tcp","desc":"","type":0}],"volumes":[{"container":"/config","host":"/DATA/AppData/snapdrop/config","type":0,"desc":""}],"envs":[{"container":"PUID","host":"1000","desc":"","type":0},{"container":"PGID","host":"1000","desc":"","type":0},{"container":"TZ","host":"Etc/UTC","desc":"","type":0}],"devices":[],"cap_add":[],"cmd":[],"privileged":false,"host_name":"Snapdrop","container_name":"Snapdrop","appstore_id":0,"custom_id":"cfaebbf8-ee06-4edd-8346-6da87694220e","enable_upnp":false,"version":"1.0"}