{
	"version": "2.0",
	"title": "Sabnzbd",
	"name": "Sabnzbd",
	"icon": "https://cdn.jsdelivr.net/gh/IceWhaleTech/ZettOS-AppStore@main/Apps/Sabnzbd/icon.png",
	"tagline": "Free and easy binary newsreader",
	"overview": "SABnzbd is an Open Source Binary Newsreader written in Python. It's totally free, easy to use, and works practically everywhere. SABnzbd makes Usenet as simple and streamlined as possible by automating everything we can. All you have to do is add an .nzb. SABnzbd takes over from there, where it will be automatically downloaded, verified, repaired, extracted and filed away with zero human interaction. SABnzbd offers an easy setup wizard and has self-analysis tools to verify your setup.",
	"thumbnail": "https://cdn.jsdelivr.net/gh/IceWhaleTech/ZettOS-AppStore@main/Apps/Readarr/thumbnail.png",
	"screenshots": [
	"https://cdn.jsdelivr.net/gh/IceWhaleTech/ZettOS-AppStore@main/Apps/Sabnzbd/screenshot-1.png",
	"https://cdn.jsdelivr.net/gh/IceWhaleTech/ZettOS-AppStore@main/Apps/Sabnzbd/screenshot-2.png",
	"https://cdn.jsdelivr.net/gh/IceWhaleTech/ZettOS-AppStore@main/Apps/Sabnzbd/screenshot-3.png",
	"https://cdn.jsdelivr.net/gh/IceWhaleTech/ZettOS-AppStore@main/Apps/Sabnzbd/screenshot-4.png",
	"https://cdn.jsdelivr.net/gh/IceWhaleTech/ZettOS-AppStore@main/Apps/Sabnzbd/screenshot-5.png",
	"https://cdn.jsdelivr.net/gh/IceWhaleTech/ZettOS-AppStore@main/Apps/Sabnzbd/screenshot-6.png",
	"https://cdn.jsdelivr.net/gh/IceWhaleTech/ZettOS-AppStore@main/Apps/Sabnzbd/screenshot-7.png"
	],
	"category": [
		"Media"
	],
	"developer": {
		"name": "Sabnzbd Team",
		"website": "https://sabnzbd.org/",
		"donate_text": "",
		"donate_link": ""
	},
	"adaptor": {
		"name": "ZettOS Team",
		"website": "https://www.ZettOS.io",
		"donate_text": "",
		"donate_link": ""
	},
	"support": "",
	"website": "",
	"container": {
		"image": "linuxserver/sabnzbd:latest",
		"shell": "sh",
		"privileged": false,
		"network_model": "bridge",
		"web_ui": {
			"http": "8080",
			"path": ""
		},
		"health_check": "",
		"envs": [
			{
				"key": "PUID",
				"value": "1000",
				"description": "",
				"configurable": "no"
			},
			{
				"key": "PGID",
				"value": "1000",
				"description": "",
				"configurable": "no"
			},
			{
				"key": "TZ",
				"value": "Europe/London",
				"description": "",
				"configurable": "no"
			}
		],
		"ports": [
			{
				"container": "8080",
				"host": "8080",
				"type": "tcp",
				"allocation": "automatic",
				"configurable": "no",
				"description": ""
			}
		],
		"volumes": [
			{
				"container": "/incomplete-downloads",
				"host": "/zettos/pool/1/teams/team/DATA/docker/Downloads",
				"mode": "rw",
				"allocation": "automatic",
				"configurable": "no",
				"description": ""
			},
			{
				"container": "/config",
				"host": "/zettos/pool/1/teams/team/DATA/docker/AppData/sabnzbd/config",
				"mode": "rw",
				"allocation": "automatic",
				"configurable": "no",
				"description": ""
			},
			{
				"container": "/downloads",
				"host": "/zettos/pool/1/teams/team/DATA/docker/Downloads",
				"mode": "rw",
				"allocation": "automatic",
				"configurable": "no",
				"description": ""
			}
		],
		"devices": [],
		"constraints": {
			"min_memory": 64,
			"min_storage": 128
		},
		"restart_policy": "unless-stopped",
		"sysctls": [],
		"cap_add": [],
		"labels": [],
		"host_name": "Sabnzbd",
		"cmd": []
	},
	"abilities": {
		"notification": false,
		"widgets": false,
		"authentication": false,
		"search": false,
		"upnp": false
	},
	"tips": {
		"before_install": []
	},
	"changelog": {
		"latest_updates": "",
		"url": ""
	},
	"latest_update_date": ""
}