{
    "version": "2.0",
    "title": "Radarr",
    "name": "radarr",
    "icon": "https://cdn.jsdelivr.net/gh/IceWhaleTech/ZettOS-AppStore@main/Apps/Radarr/icon.png",
    "tagline": "The movie collection manager for Usenet and BitTorrent users",
    "overview": "Radarr is a movie collection manager for Usenet and BitTorrent users. It can monitor multiple RSS feeds for new movies and will interface with clients and indexers to grab, sort, and rename them. It can also be configured to automatically upgrade the quality of existing files in the library when a better quality format becomes available. Note that only one type of a given movie is supported. If you want both an 4k version and 1080p version of a given movie you will need multiple instances.",
    "thumbnail": "https://cdn.jsdelivr.net/gh/IceWhaleTech/ZettOS-AppStore@main/Apps/Radarr/thumbnail.jpg",
    "screenshots": [
        "https://cdn.jsdelivr.net/gh/IceWhaleTech/ZettOS-AppStore@main/Apps/Radarr/screenshot-1.jpg",
        "https://cdn.jsdelivr.net/gh/IceWhaleTech/ZettOS-AppStore@main/Apps/Radarr/screenshot-2.jpg",
        "https://cdn.jsdelivr.net/gh/IceWhaleTech/ZettOS-AppStore@main/Apps/Radarr/screenshot-3.jpg",
        "https://cdn.jsdelivr.net/gh/IceWhaleTech/ZettOS-AppStore@main/Apps/Radarr/screenshot-4.jpg",
        "https://cdn.jsdelivr.net/gh/IceWhaleTech/ZettOS-AppStore@main/Apps/Radarr/screenshot-5.jpg"
    ],
    "category": [
        "Media"
    ],
    "developer": {
        "name": "Radarr",
        "website": "https://radarr.video/",
        "donate_text": "", 
        "donate_link": ""
    },
    "adaptor": {
        "name": "ZettOS Team",
        "website": "https://www.ZettOS.io",
        "donate_text": "", 
        "donate_link": ""
    },
    "support": "https://discord.gg/knqAbbBbeX",
    "website": "https://www.ZettOS.io",
    "container": {
        "image": "linuxserver/radarr:latest",
        "shell": "bash",
        "privileged": false,
        "network_model": "bridge",
        "web_ui": {
            "http": "7878",
            "path": "/"
        },
        "health_check": "",
        "envs": [
            {
                "key": "TZ",
                "value": "$TZ",
                "configurable": "no",
                "description": "TimeZone"
            },
            {
                "key": "PUID",
                "value": "$PUID",
                "configurable": "no",
                "description": "Run Radarr as specified uid."
            },
            {
                "key": "PGID",
                "value": "$PGID",
                "configurable": "no",
                "description": "Run Radarr as specified gid."
            }
        ],
        "ports": [
            {
                "container": "7878",
                "host": "7878",
                "type": "tcp",
                "allocation": "preferred",
                "configurable": "advanced",
                "description": "WebUI HTTP Port"
            }
        ],
        "volumes": [
            {
                "container": "/config",
                "host": "/zettos/pool/1/virtual_machine/docker/DATA/installed/",
                "mode": "rw",
                "allocation": "automatic",
                "configurable": "no",
                "description": "Radarr config directory."
            },
            {
                "container": "/movies",
                "host": "/zettos/pool/1/teams/team/DATA/docker/Media/Movies",
                "mode": "rw",
                "allocation": "automatic",
                "configurable": "advanced",
                "description": "Radarr movies directory."
            },
            {
                "container": "/downloads",
                "host": "/zettos/pool/1/teams/team/DATA/docker/Downloads",
                "mode": "rw",
                "allocation": "automatic",
                "configurable": "advanced",
                "description": "Radarr downloads directory."
            }
        ],
        "devices": [],
        "constraints": {
            "min_memory": 256,
            "min_storage": 1024
        },
        "restart_policy": "unless-stopped",
        "sysctls": [],
        "cap_add": [],
        "labels": []
    },
    "abilities": {
        "notification": false,
        "widgets": false,
        "authentication": false,
        "search": false,
        "upnp": false
    },
    "tips": {},
    "changelog":{
        "latest_updates": "",
        "url": ""
    },
    "latest_update_date": "1640592272"
}