{
    "version": "2.0",
    "title": "Syncthing",
    "name": "syncthing",
    "icon": "https://cdn.jsdelivr.net/gh/IceWhaleTech/ZettOS-AppStore@main/Apps/Syncthing/icon.png",
    "tagline": "Free, secure, and distributed file synchronisation tool.",
    "overview": "Syncthing is a continuous file synchronization program. It synchronizes files between two or more computers in real time, safely protected from prying eyes. Your data is your data alone and you deserve to choose where it is stored, whether it is shared with some third party, and how it's transmitted over the internet.",
    "thumbnail": "https://cdn.jsdelivr.net/gh/IceWhaleTech/ZettOS-AppStore@main/Apps/Jellyfin/thumbnail.jpg",
    "screenshots": [],
    "category": [
        "Backup",
        "File Sync"
    ],
    "developer": {
        "name": "Syncthing",
        "website": "https://syncthing.net/",
        "donate_text": "", 
        "donate_link": ""
    },
    "adaptor": {
        "name": "ZettOS Team",
        "website": "https://www.ZettOS.io",
        "donate_text": "", 
        "donate_link": ""
    },
    "support": "https://discord.gg/knqAbbBbeX",
    "website": "https://www.ZettOS.io",
    "container": {
        "image": "linuxserver/syncthing:latest",
        "shell": "bash",
        "privileged": false,
        "network_model": "bridge",
        "web_ui": {
            "http": "8384",
            "path": "/"
        },
        "envs": [
            {
                "key": "TZ",
                "value": "$TZ",
                "configurable": "no",
                "description": "TimeZone"
            },
            {
                "key": "PUID",
                "value": "$PUID",
                "configurable": "no",
                "description": "Run Syncthing as specified uid."
            },
            {
                "key": "PGID",
                "value": "$PGID",
                "configurable": "no",
                "description": "Run Syncthing as specified gid."
            }
        ],
        "ports": [
            {
                "container": "8384",
                "host": "8384",
                "type": "tcp",
                "allocation": "preferred",
                "configurable": "advanced",
                "description": "WebUI HTTP Port"
            },
            {
                "container": "22000",
                "host": "22000",
                "type": "tcp",
                "allocation": "required",
                "configurable": "no",
                "description": "Syncthing listening Port (TCP)"
            },
            {
                "container": "22000",
                "host": "22000",
                "type": "udp",
                "allocation": "required",
                "configurable": "no",
                "description": "Syncthing listening Port (UDP)"
            },
            {
                "container": "21027",
                "host": "21027",
                "type": "udp",
                "allocation": "optional",
                "configurable": "no",
                "description": "Syncthing protocol discovery Port (TCP)"
            }
        ],
        "volumes": [
            {
                "container": "/config",
                "host": "/zettos/pool/1/virtual_machine/docker/DATA/installed/",
                "mode": "rw",
                "allocation": "automatic",
                "configurable": "no",
                "description": "Syncthing config directory."
            },
            {
                "container": "/DATA",
                "host": "/DATA",
                "mode": "rw",
                "allocation": "automatic",
                "configurable": "advanced",
                "description": "Syncthing Accessible Directory."
            }
        ],
        "devices": [],
        "constraints": {
            "min_memory": 256,
            "min_storage": 1024
        },
        "restart_policy": "unless-stopped",
        "sysctls": [],
        "cap_add": [],
        "labels": []
    },
    "abilities": {
        "notification": false,
        "widgets": false,
        "authentication": false,
        "search": false,
        "upnp": false
    },
    "tips": {},
    "changelog":{
        "latest_updates": "",
        "url": "https://cdn.jsdelivr.net/gh/IceWhaleTech/ZettOS-AppStore@main/Apps/Syncthing/changelog.txt"
    },
    "latest_update_date": "1640592395"
}