{
	"version": "2.0",
	"title": "Lidarr",
	"name": "Lidarr",
	"icon": "https://cdn.jsdelivr.net/gh/IceWhaleTech/ZettOS-AppStore@main/Apps/Lidarr/icon.png",
	"tagline": "Music collection manager for Usenet and BitTorrent users",
	"overview": "Lidarr is a music collection manager for Usenet and BitTorrent users. It can monitor multiple RSS feeds for new albums from your favorite artists and will interface with clients and indexers to grab, sort, and rename them. It can also be configured to automatically upgrade the quality of existing files in the library when a better quality format becomes available.",
	"thumbnail": "https://cdn.jsdelivr.net/gh/IceWhaleTech/ZettOS-AppStore@main/Apps/Lidarr/thumbnail.png",
	"screenshots": [
	"https://cdn.jsdelivr.net/gh/IceWhaleTech/ZettOS-AppStore@main/Apps/Lidarr/screenshot-1.png",
	"https://cdn.jsdelivr.net/gh/IceWhaleTech/ZettOS-AppStore@main/Apps/Lidarr/screenshot-2.png",
	"https://cdn.jsdelivr.net/gh/IceWhaleTech/ZettOS-AppStore@main/Apps/Lidarr/screenshot-3.png"
	],
	"category": ["Downloader"],
	"developer": {
		"name": "lidarr Team",
		"website": "http://lidarr.audio/",
		"donate_text": "",
		"donate_link": ""
	},
	"adaptor": {
		"name": "ZettOS Team",
		"website": "https://www.ZettOS.io",
		"donate_text": "",
		"donate_link": ""
	},
	"support": "",
	"website": "",
	"container": {
		"image": "linuxserver/lidarr:latest",
		"shell": "sh",
		"privileged": false,
		"network_model": "bridge",
		"web_ui": {
			"http": "8686",
			"path": ""
		},
		"health_check": "",
		"envs": [
			{
				"key": "PUID",
				"value": "1000",
				"description": "",
				"configurable": "no"
			},
			{
				"key": "PGID",
				"value": "1000",
				"description": "",
				"configurable": "no"
			},
			{
				"key": "TZ",
				"value": "Europe/London",
				"description": "",
				"configurable": "no"
			}
		],
		"ports": [
			{
				"container": "8686",
				"host": "8686",
				"type": "tcp",
				"allocation": "automatic",
				"configurable": "no",
				"description": ""
			}
		],
		"volumes": [
			{
				"container": "/config",
				"host": "/zettos/pool/1/teams/team/DATA/docker/AppData/lidarr/config",
				"mode": "rw",
				"allocation": "automatic",
				"configurable": "no",
				"description": ""
			},
			{
				"container": "/music",
				"host": "/zettos/pool/1/teams/team/DATA/docker/Media/Music",
				"mode": "rw",
				"allocation": "automatic",
				"configurable": "no",
				"description": ""
			},
			{
				"container": "/downloads",
				"host": "/zettos/pool/1/teams/team/DATA/docker/Downloads",
				"mode": "rw",
				"allocation": "automatic",
				"configurable": "no",
				"description": ""
			}
		],
		"devices": [],
		"constraints": {
			"min_memory": 64,
			"min_storage": 128
		},
		"restart_policy": "unless-stopped",
		"sysctls": [],
		"cap_add": [],
		"labels": [],
		"host_name": "Lidarr",
		"cmd": []
	},
	"abilities": {
		"notification": false,
		"widgets": false,
		"authentication": false,
		"search": false,
		"upnp": false
	},
	"tips": {
		"before_install": []
	},
	"changelog": {
		"latest_updates": "",
		"url": ""
	},
	"latest_update_date": ""
}