{"host":"","protocol":"http","port_map":"8888","cpu_shares":10,"restart":"unless-stopped","label":"Resilio-sync","position":false,"index":"","icon":"https://play-lh.googleusercontent.com/I0yxZ5kBUFyFQqBOVLq9lsoOpJSx8A3RZQjR024T8r8TsLD58gDjCkYWKSq_WWpOT-A","network_model":"bridge","image":"lscr.io/linuxserver/resilio-sync:latest","description":"","origin":"custom","ports":[{"container":"55555","host":"55555","protocol":"tcp","desc":"","type":0},{"container":"8888","host":"8888","protocol":"tcp","desc":"","type":0}],"volumes":[{"container":"/sync","host":"/DATA/AppData/resilio-sync/data","type":0,"desc":""},{"container":"/config","host":"/DATA/AppData/resilio-sync/config","type":0,"desc":""},{"container":"/downloads","host":"/DATA/Downloads","type":0,"desc":""}],"envs":[{"container":"PUID","host":"1000","desc":"","type":0},{"container":"PGID","host":"1000","desc":"","type":0},{"container":"TZ","host":"Etc/UTC","desc":"","type":0}],"devices":[],"cap_add":[],"cmd":[],"privileged":false,"host_name":"Resilio-sync","container_name":"Resilio-sync","appstore_id":0,"custom_id":"3d4f7725-405d-4a9f-8e9c-517000b4f0b2","enable_upnp":false,"version":"1.0"}