{
  "version": "2.0",
  "title": "Nextcloud",
  "name": "nextcloud",
  "icon": "https://cdn.jsdelivr.net/gh/IceWhaleTech/ZettOS-AppStore@main/Apps/Nextcloud/icon.png",
  "tagline": "The productivity platform that keeps you in control",
  "overview": "Nextcloud puts your data at your fingertips, under your control. Store your documents, calendar, contacts and photos on a server at home, at one of our providers or in a data center you trust.",
  "thumbnail": "https://cdn.jsdelivr.net/gh/IceWhaleTech/ZettOS-AppStore@main/Apps/Nextcloud/thumbnail.jpg",
  "screenshots": [
    "https://cdn.jsdelivr.net/gh/IceWhaleTech/ZettOS-AppStore@main/Apps/Nextcloud/screenshot-1.png",
    "https://cdn.jsdelivr.net/gh/IceWhaleTech/ZettOS-AppStore@main/Apps/Nextcloud/screenshot-2.png",
    "https://cdn.jsdelivr.net/gh/IceWhaleTech/ZettOS-AppStore@main/Apps/Nextcloud/screenshot-3.png"
  ],
  "category": [
    "Cloud"
  ],
  "developer": {
    "name": "Nextcloud",
    "website": "https://nextcloud.com/",
    "donate_text": "",
    "donate_link": ""
  },
  "adaptor": {
    "name": "ZettOS Team",
    "website": "https://www.ZettOS.io",
    "donate_text": "",
    "donate_link": ""
  },
  "support": "https://discord.gg/knqAbbBbeX",
  "website": "https://www.ZettOS.io",
  "container": {
    "image": "nextcloud:latest",
    "shell": "bash",
    "privileged": false,
    "network_model": "bridge",
    "web_ui": {
      "http": "80",
      "https": "443",
      "path": "/"
    },
    "health_check": "",
    "envs": [],
    "ports": [
      {
        "container": "80",
        "host": "10081",
        "type": "tcp",
        "allocation": "preferred",
        "configurable": "advanced",
        "description": "WebUI HTTP Port"
      },
      {
        "container": "443",
        "host": "10443",
        "type": "tcp",
        "allocation": "preferred",
        "configurable": "advanced",
        "description": "WebUI HTTPS Port"
      }
    ],
    "volumes": [
      {
        "container": "/var/www/html",
        "host": "/zettos/pool/1/teams/team/DATA/docker/AppData/$AppID/var/www/html",
        "mode": "rw",
        "allocation": "automatic",
        "configurable": "no",
        "description": "Nextcloud config directory."
      }
    ],
    "devices": [],
    "constraints": {
      "min_memory": 512,
      "min_storage": 2048
    },
    "restart_policy": "unless-stopped",
    "sysctls": [],
    "cap_add": [],
    "labels": []
  },
  "abilities": {
    "notification": false,
    "widgets": false,
    "authentication": false,
    "search": false,
    "upnp": false
  },
  "tips": {},
  "changelog": {
    "latest_updates": "",
    "url": ""
  },
  "latest_update_date": "1640592011"
}