{
	"version": "2.0",
	"title": "Bazarr",
	"name": "Bazarr",
	"icon": "https://cdn.jsdelivr.net/gh/IceWhaleTech/ZettOS-AppStore@main/Apps/Bazarr/icon.png",
	"tagline": "Letter generators for Sonarr and Radarr",
	"overview": "Bazarr is a companion application to Sonarr and Radarr. It can manage and download subtitles based on your requirements. You define your preferences by TV show or movie and Bazarr takes care of everything for you.",
	"thumbnail": "https://cdn.jsdelivr.net/gh/IceWhaleTech/ZettOS-AppStore@main/Apps/Bazarr/thumbnail.png",
	"screenshots": [
	"https://cdn.jsdelivr.net/gh/IceWhaleTech/ZettOS-AppStore@main/Apps/Bazarr/screenshot-1.png",
	"https://cdn.jsdelivr.net/gh/IceWhaleTech/ZettOS-AppStore@main/Apps/Bazarr/screenshot-2.png",
	"https://cdn.jsdelivr.net/gh/IceWhaleTech/ZettOS-AppStore@main/Apps/Bazarr/screenshot-3.png",
	"https://cdn.jsdelivr.net/gh/IceWhaleTech/ZettOS-AppStore@main/Apps/Bazarr/screenshot-4.png"
	],
	"category": [
		"Media"
	],
	"developer": {
		"name": "Sabnzbd Team",
		"website": "https://sabnzbd.org/",
		"donate_text": "",
		"donate_link": ""
	},
	"adaptor": {
		"name": "ZettOS Team",
		"website": "https://www.ZettOS.io",
		"donate_text": "",
		"donate_link": ""
	},
	"support": "",
	"website": "",
	"container": {
		"image": "linuxserver/bazarr:latest",
		"shell": "sh",
		"privileged": false,
		"network_model": "bridge",
		"web_ui": {
			"http": "6767",
			"path": ""
		},
		"health_check": "",
		"envs": [
			{
				"key": "PUID",
				"value": "1000",
				"description": "",
				"configurable": "no"
			},
			{
				"key": "PGID",
				"value": "1000",
				"description": "",
				"configurable": "no"
			},
			{
				"key": "TZ",
				"value": "Europe/London",
				"description": "",
				"configurable": "no"
			}
		],
		"ports": [
			{
				"container": "6767",
				"host": "6767",
				"type": "tcp",
				"allocation": "automatic",
				"configurable": "no",
				"description": ""
			}
		],
		"volumes": [
			{
				"container": "/movies",
				"host": "/zettos/pool/1/teams/team/DATA/docker/Media/Movies",
				"mode": "rw",
				"allocation": "automatic",
				"configurable": "no",
				"description": ""
			},
			{
				"container": "/tv",
				"host": "/zettos/pool/1/teams/team/DATA/docker/Media/TV Shows",
				"mode": "rw",
				"allocation": "automatic",
				"configurable": "no",
				"description": ""
			},
			{
				"container": "/config",
				"host": "/zettos/pool/1/teams/team/DATA/docker/AppData/bazarr/config",
				"mode": "rw",
				"allocation": "automatic",
				"configurable": "no",
				"description": ""
			}
		],
		"devices": [],
		"constraints": {
			"min_memory": 64,
			"min_storage": 128
		},
		"restart_policy": "unless-stopped",
		"sysctls": [],
		"cap_add": [],
		"labels": [],
		"host_name": "Bazarr",
		"cmd": []
	},
	"abilities": {
		"notification": false,
		"widgets": false,
		"authentication": false,
		"search": false,
		"upnp": false
	},
	"tips": {
		"before_install": []
	},
	"changelog": {
		"latest_updates": "",
		"url": ""
	},
	"latest_update_date": ""
}
